"","location_id","year","season","Class_TDI4"
"1","100690","2018","1","High"
"2","100690","2018","3","Good"
"3","100690","2022","2","Moderate"
"4","100690","2022","1","Moderate"
"5","100690","2022","3","Moderate"
"6","100690","2022","3","Moderate"
"7","100690",NA,NA,NA
"8","10116","2017","1","Poor"
"9","10116","2017","3","High"
"10","10116","2019","1","Moderate"
"11","10116","2019","3","High"
"12","10116","2021","1","High"
"13","10116","2021","3","High"
"14","10116",NA,NA,NA
"15","101932","2022","2","High"
"16","101932","2022","1","High"
"17","101932","2022","3","High"
"18","101932","2022","4","High"
"19","101932","2022","2","High"
"20","101932","2022","3","High"
"21","101932",NA,NA,NA
"22","10476","2017","1","Poor"
"23","10476","2017","3","Moderate"
"24","10476","2018","1","High"
"25","10476","2018","3","Poor"
"26","10476","2019","1","Moderate"
"27","10476","2019","3","Poor"
"28","10476",NA,NA,NA
"29","10480","2017","1","Moderate"
"30","10480","2017","3","Moderate"
"31","10480",NA,NA,NA
"32","110106","2022","4","Good"
"33","110106","2022","2","Good"
"34","110106","2022","3","High"
"35","110106",NA,NA,NA
"36","11110","2018","1","Good"
"37","11110","2018","3","High"
"38","11110","2021","1","High"
"39","11110","2021","3","Good"
"40","11110",NA,NA,NA
"41","11113","2022","4","Moderate"
"42","11113","2022","3","Moderate"
"43","11113","2022","1","Moderate"
"44","11113","2022","2","Moderate"
"45","11113","2022","3","Poor"
"46","11113",NA,NA,NA
"47","114637","2017","1","High"
"48","114637","2017","3","High"
"49","114637","2019","1","High"
"50","114637","2019","3","Good"
"51","114637",NA,NA,NA
"52","114648","2017","1","Good"
"53","114648","2017","3","Good"
"54","114648","2019","1","Moderate"
"55","114648","2019","3","Moderate"
"56","114648",NA,NA,NA
"57","118688","2017","1","Good"
"58","118688","2017","3","Good"
"59","118688","2019","1","High"
"60","118688","2019","3","Moderate"
"61","118688",NA,NA,NA
"62","119052","2022","3","Moderate"
"63","119052","2022","4","Moderate"
"64","119052","2022","2","Moderate"
"65","119052","2022","1","Moderate"
"66","119052","2022","3","Poor"
"67","119052",NA,NA,NA
"68","120321","2018","1","Moderate"
"69","120321","2018","3","Good"
"70","120321","2022","1","Good"
"71","120321","2022","3","Good"
"72","120321",NA,NA,NA
"73","121241","2022","2","High"
"74","121241","2022","3","High"
"75","121241","2022","1","High"
"76","121241","2022","4","High"
"77","121241","2022","3","Good"
"78","121241",NA,NA,NA
"79","121293","2018","1","High"
"80","121293","2018","3","Good"
"81","121293","2022","2","High"
"82","121293","2022","3","High"
"83","121293","2022","4","High"
"84","121293","2022","1","High"
"85","121293","2022","3","High"
"86","121293",NA,NA,NA
"87","121496","2022","3","Poor"
"88","121496","2022","4","Poor"
"89","121496","2022","1","Poor"
"90","121496","2022","3","Bad"
"91","121496",NA,NA,NA
"92","121572","2017","1","Moderate"
"93","121572","2017","3","Good"
"94","121572","2019","1","Poor"
"95","121572","2019","3","Moderate"
"96","121572","2022","1","Good"
"97","121572","2022","3","Good"
"98","121572","2022","4","Good"
"99","121572","2022","2","Good"
"100","121572","2022","3","Good"
"101","121572",NA,NA,NA
"102","122463","2019","1","Good"
"103","122463","2019","3","Good"
"104","122463","2021","1","High"
"105","122463","2021","3","Good"
"106","122463","2022","3","Good"
"107","122463","2022","1","Good"
"108","122463","2022","2","Good"
"109","122463","2022","3","Good"
"110","122463",NA,NA,NA
"111","122469","2018","1","Good"
"112","122469","2018","3","High"
"113","122469",NA,NA,NA
"114","122475","2018","1","Moderate"
"115","122475","2018","3","Moderate"
"116","122475","2019","1","Good"
"117","122475","2019","3","Moderate"
"118","122475","2021","2","Moderate"
"119","122475","2021","3","Moderate"
"120","122475",NA,NA,NA
"121","122480","2017","1","Moderate"
"122","122480","2017","3","Good"
"123","122480","2018","1","Moderate"
"124","122480","2018","3","Moderate"
"125","122480","2019","1","Moderate"
"126","122480","2019","3","Moderate"
"127","122480",NA,NA,NA
"128","122482","2017","1","High"
"129","122482","2017","3","Good"
"130","122482","2019","1","High"
"131","122482","2019","3","Moderate"
"132","122482","2021","1","High"
"133","122482","2021","3","Good"
"134","122482",NA,NA,NA
"135","122490","2018","1","High"
"136","122490","2018","3","Good"
"137","122490","2022","1","Poor"
"138","122490","2022","2","Poor"
"139","122490","2022","3","Poor"
"140","122490","2022","3","Good"
"141","122490",NA,NA,NA
"142","122496","2018","1","Good"
"143","122496","2018","3","Good"
"144","122496","2019","1","Moderate"
"145","122496","2019","3","Good"
"146","122496","2022","4","Good"
"147","122496","2022","2","Good"
"148","122496","2022","1","Good"
"149","122496","2022","3","High"
"150","122496",NA,NA,NA
"151","122500","2018","1","High"
"152","122500","2018","3","Poor"
"153","122500",NA,NA,NA
"154","122518","2018","1","Moderate"
"155","122518","2018","3","Moderate"
"156","122518","2019","1","Good"
"157","122518","2019","3","Poor"
"158","122518","2022","3","Moderate"
"159","122518","2022","1","Moderate"
"160","122518","2022","2","Moderate"
"161","122518","2022","4","Moderate"
"162","122518","2022","3","Poor"
"163","122518",NA,NA,NA
"164","122530","2018","1","High"
"165","122530","2018","3","Good"
"166","122530",NA,NA,NA
"167","122534","2017","1","Good"
"168","122534","2017","3","High"
"169","122534","2019","1","Good"
"170","122534","2019","3","Moderate"
"171","122534",NA,NA,NA
"172","122539","2017","1","Good"
"173","122539","2017","3","Good"
"174","122539","2019","1","Good"
"175","122539","2019","3","Good"
"176","122539",NA,NA,NA
"177","122541","2018","1","Good"
"178","122541","2018","3","Good"
"179","122541",NA,NA,NA
"180","122542","2017","1","High"
"181","122542","2017","3","Good"
"182","122542","2019","1","Good"
"183","122542","2019","3","Moderate"
"184","122542","2022","4","Good"
"185","122542","2022","2","Good"
"186","122542","2022","1","Good"
"187","122542","2022","3","Good"
"188","122542","2022","3","High"
"189","122542",NA,NA,NA
"190","122545","2017","1","High"
"191","122545","2017","3","Good"
"192","122545","2022","3","Good"
"193","122545","2022","4","Good"
"194","122545","2022","2","Good"
"195","122545","2022","1","Good"
"196","122545","2022","3","Good"
"197","122545",NA,NA,NA
"198","122562","2017","1","Good"
"199","122562","2017","3","High"
"200","122562","2019","1","Moderate"
"201","122562","2019","3","Good"
"202","122562","2022","1","Good"
"203","122562","2022","2","Good"
"204","122562","2022","4","Good"
"205","122562","2022","3","Good"
"206","122562","2022","3","Moderate"
"207","122562",NA,NA,NA
"208","122568","2018","1","Good"
"209","122568","2018","3","Good"
"210","122568","2022","1","Moderate"
"211","122568","2022","2","Moderate"
"212","122568","2022","3","Moderate"
"213","122568","2022","3","Moderate"
"214","122568",NA,NA,NA
"215","122575","2017","1","High"
"216","122575","2017","3","Bad"
"217","122575",NA,NA,NA
"218","122599","2018","1","Moderate"
"219","122599","2018","3","Good"
"220","122599","2022","2","Moderate"
"221","122599","2022","1","Moderate"
"222","122599","2022","4","Moderate"
"223","122599","2022","3","Moderate"
"224","122599",NA,NA,NA
"225","122605","2017","1","Good"
"226","122605","2017","3","Moderate"
"227","122605",NA,NA,NA
"228","122609","2018","1","Moderate"
"229","122609","2018","3","Poor"
"230","122609","2019","1","Poor"
"231","122609","2019","3","Moderate"
"232","122609","2022","3","Good"
"233","122609","2022","2","Good"
"234","122609","2022","1","Good"
"235","122609","2022","3","Moderate"
"236","122609",NA,NA,NA
"237","122614","2018","1","Moderate"
"238","122614","2018","3","Moderate"
"239","122614","2022","2","Poor"
"240","122614","2022","3","Poor"
"241","122614","2022","1","Poor"
"242","122614","2022","4","Poor"
"243","122614","2022","3","Poor"
"244","122614",NA,NA,NA
"245","122619","2017","1","Good"
"246","122619","2017","3","High"
"247","122619",NA,NA,NA
"248","122625","2017","1","Good"
"249","122625","2017","3","Good"
"250","122625","2019","1","Moderate"
"251","122625","2019","3","Moderate"
"252","122625","2022","4","Moderate"
"253","122625","2022","2","Moderate"
"254","122625","2022","1","Moderate"
"255","122625","2022","3","Moderate"
"256","122625","2022","3","Good"
"257","122625",NA,NA,NA
"258","122641","2017","1","High"
"259","122641","2017","3","Good"
"260","122641","2019","1","Good"
"261","122641","2019","3","Moderate"
"262","122641",NA,NA,NA
"263","122642","2017","1","Moderate"
"264","122642","2017","3","Moderate"
"265","122642",NA,NA,NA
"266","122666","2017","1","Good"
"267","122666","2017","3","Moderate"
"268","122666","2019","1","Good"
"269","122666","2019","3","Good"
"270","122666","2021","1","Good"
"271","122666","2021","3","Good"
"272","122666",NA,NA,NA
"273","122667","2017","1","Good"
"274","122667","2017","3","Moderate"
"275","122667","2019","1","Good"
"276","122667","2019","3","Poor"
"277","122667","2021","1","Good"
"278","122667","2021","3","Moderate"
"279","122667",NA,NA,NA
"280","122673","2017","1","Moderate"
"281","122673","2017","3","Good"
"282","122673","2019","1","Moderate"
"283","122673","2019","3","Moderate"
"284","122673","2021","1","Poor"
"285","122673","2021","3","Moderate"
"286","122673",NA,NA,NA
"287","122675","2017","1","High"
"288","122675","2017","3","Good"
"289","122675","2019","1","High"
"290","122675","2019","3","Moderate"
"291","122675",NA,NA,NA
"292","122688","2018","1","Moderate"
"293","122688","2018","3","Good"
"294","122688","2022","3","Good"
"295","122688","2022","1","Good"
"296","122688","2022","3","Moderate"
"297","122688",NA,NA,NA
"298","122701","2017","1","Moderate"
"299","122701","2017","3","Moderate"
"300","122701","2018","1","Good"
"301","122701","2018","3","Moderate"
"302","122701","2019","1","Moderate"
"303","122701","2019","3","Moderate"
"304","122701",NA,NA,NA
"305","122706","2017","1","Good"
"306","122706","2017","3","Good"
"307","122706","2019","1","Good"
"308","122706","2019","3","Good"
"309","122706","2022","3","Moderate"
"310","122706","2022","4","Moderate"
"311","122706","2022","1","Moderate"
"312","122706","2022","3","Good"
"313","122706",NA,NA,NA
"314","122709","2018","1","Good"
"315","122709","2018","3","Moderate"
"316","122709","2019","1","Moderate"
"317","122709","2019","3","Poor"
"318","122709","2022","3","Good"
"319","122709","2022","2","Good"
"320","122709","2022","4","Good"
"321","122709","2022","1","Good"
"322","122709","2022","3","Moderate"
"323","122709",NA,NA,NA
"324","122716","2017","1","Moderate"
"325","122716","2017","3","Good"
"326","122716","2018","1","Moderate"
"327","122716","2018","3","Moderate"
"328","122716","2022","2","Moderate"
"329","122716","2022","1","Moderate"
"330","122716","2022","4","Moderate"
"331","122716","2022","1","Moderate"
"332","122716","2022","3","Moderate"
"333","122716",NA,NA,NA
"334","122736","2018","1","Good"
"335","122736","2018","3","Moderate"
"336","122736","2022","3","Moderate"
"337","122736","2022","2","Moderate"
"338","122736","2022","1","Moderate"
"339","122736","2022","4","Moderate"
"340","122736","2022","3","Moderate"
"341","122736",NA,NA,NA
"342","122739","2017","1","High"
"343","122739","2017","3","Moderate"
"344","122739","2022","1","Good"
"345","122739","2022","2","Good"
"346","122739","2022","4","Good"
"347","122739","2022","3","Moderate"
"348","122739",NA,NA,NA
"349","122748","2017","1","Moderate"
"350","122748","2017","3","Moderate"
"351","122748","2019","1","Moderate"
"352","122748","2019","3","Moderate"
"353","122748",NA,NA,NA
"354","122752","2022","1","Good"
"355","122752","2022","4","Good"
"356","122752","2022","2","Good"
"357","122752","2022","2","High"
"358","122752","2022","4","Good"
"359","122752","2022","3","Good"
"360","122752",NA,NA,NA
"361","122753","2018","1","Good"
"362","122753","2018","3","Good"
"363","122753",NA,NA,NA
"364","122757","2017","1","Good"
"365","122757","2017","3","Moderate"
"366","122757","2019","1","High"
"367","122757","2019","3","Moderate"
"368","122757",NA,NA,NA
"369","122766","2017","1","Moderate"
"370","122766","2017","3","Moderate"
"371","122766","2022","1","Good"
"372","122766","2022","3","Moderate"
"373","122766",NA,NA,NA
"374","122767","2018","1","High"
"375","122767","2018","3","High"
"376","122767","2022","1","High"
"377","122767","2022","3","High"
"378","122767",NA,NA,NA
"379","122772","2018","1","Good"
"380","122772","2018","3","Moderate"
"381","122772","2019","1","High"
"382","122772","2019","3","Moderate"
"383","122772","2022","1","Good"
"384","122772","2022","3","Good"
"385","122772",NA,NA,NA
"386","122783","2017","1","High"
"387","122783","2017","3","High"
"388","122783","2018","1","High"
"389","122783","2018","3","High"
"390","122783","2019","1","High"
"391","122783","2019","3","Good"
"392","122783",NA,NA,NA
"393","122785","2018","1","Good"
"394","122785","2018","3","High"
"395","122785",NA,NA,NA
"396","122787","2018","1","Good"
"397","122787","2018","3","High"
"398","122787","2022","3","High"
"399","122787","2022","4","High"
"400","122787","2022","1","High"
"401","122787","2022","3","Good"
"402","122787",NA,NA,NA
"403","122797","2018","1","High"
"404","122797","2018","3","Good"
"405","122797",NA,NA,NA
"406","122810","2018","1","High"
"407","122810","2018","3","High"
"408","122810","2022","1","High"
"409","122810","2022","2","High"
"410","122810","2022","3","High"
"411","122810","2022","4","High"
"412","122810","2022","3","High"
"413","122810",NA,NA,NA
"414","122812","2017","1","High"
"415","122812","2017","3","High"
"416","122812","2019","1","High"
"417","122812","2019","3","High"
"418","122812","2022","4","Good"
"419","122812","2022","1","Good"
"420","122812","2022","2","Good"
"421","122812","2022","3","High"
"422","122812",NA,NA,NA
"423","122818","2018","1","High"
"424","122818","2018","3","High"
"425","122818",NA,NA,NA
"426","122824","2018","1","Good"
"427","122824","2018","3","High"
"428","122824","2019","1","High"
"429","122824","2019","3","Good"
"430","122824","2021","1","Good"
"431","122824","2021","3","Good"
"432","122824",NA,NA,NA
"433","122827","2017","1","Good"
"434","122827","2017","3","Good"
"435","122827","2019","1","High"
"436","122827","2019","3","High"
"437","122827","2022","3","High"
"438","122827","2022","1","High"
"439","122827","2022","2","High"
"440","122827","2022","3","High"
"441","122827",NA,NA,NA
"442","122857","2017","1","High"
"443","122857","2017","3","High"
"444","122857","2019","1","High"
"445","122857","2019","3","High"
"446","122857",NA,NA,NA
"447","122860","2017","1","High"
"448","122860","2017","3","High"
"449","122860","2019","1","High"
"450","122860","2019","3","High"
"451","122860",NA,NA,NA
"452","122879","2017","1","High"
"453","122879","2017","3","High"
"454","122879","2019","1","High"
"455","122879","2019","3","High"
"456","122879","2021","1","High"
"457","122879","2021","3","Moderate"
"458","122879",NA,NA,NA
"459","122902","2021","1","High"
"460","122902","2021","3","Moderate"
"461","122902",NA,NA,NA
"462","122910","2017","1","Good"
"463","122910","2017","3","Moderate"
"464","122910","2019","1","Moderate"
"465","122910","2019","3","Moderate"
"466","122910",NA,NA,NA
"467","122924","2017","1","Good"
"468","122924","2017","3","Moderate"
"469","122924","2019","1","Good"
"470","122924","2019","3","Good"
"471","122924","2021","1","Good"
"472","122924","2021","3","Moderate"
"473","122924",NA,NA,NA
"474","122946","2018","1","High"
"475","122946","2018","3","High"
"476","122946","2022","1","High"
"477","122946","2022","3","Good"
"478","122946",NA,NA,NA
"479","122957","2017","1","Good"
"480","122957","2017","3","Moderate"
"481","122957","2019","1","Moderate"
"482","122957","2019","3","High"
"483","122957",NA,NA,NA
"484","122962","2017","1","Good"
"485","122962","2017","3","Moderate"
"486","122962","2019","1","Good"
"487","122962","2019","3","Moderate"
"488","122962","2022","1","High"
"489","122962","2022","3","Moderate"
"490","122962",NA,NA,NA
"491","122980","2018","1","Good"
"492","122980","2018","3","Good"
"493","122980",NA,NA,NA
"494","123088","2017","1","Good"
"495","123088","2017","3","Good"
"496","123088","2019","1","High"
"497","123088","2019","3","Good"
"498","123088",NA,NA,NA
"499","123096","2017","1","Good"
"500","123096","2017","3","High"
"501","123096","2019","1","Good"
"502","123096","2019","3","Poor"
"503","123096",NA,NA,NA
"504","123105","2018","1","High"
"505","123105","2018","3","Good"
"506","123105",NA,NA,NA
"507","123115","2018","1","High"
"508","123115","2018","3","High"
"509","123115",NA,NA,NA
"510","123144","2017","1","High"
"511","123144","2017","3","High"
"512","123144","2019","1","High"
"513","123144","2019","3","High"
"514","123144",NA,NA,NA
"515","123146","2018","1","High"
"516","123146","2018","3","High"
"517","123146",NA,NA,NA
"518","123151","2018","1","High"
"519","123151","2018","3","High"
"520","123151",NA,NA,NA
"521","123153","2017","1","Good"
"522","123153","2017","3","Good"
"523","123153","2018","1","Good"
"524","123153","2018","3","High"
"525","123153","2019","1","High"
"526","123153","2019","3","Good"
"527","123153",NA,NA,NA
"528","123164","2018","1","High"
"529","123164","2018","3","Good"
"530","123164",NA,NA,NA
"531","123172","2018","1","Good"
"532","123172","2018","3","Good"
"533","123172",NA,NA,NA
"534","123198","2018","1","Good"
"535","123198","2018","3","Moderate"
"536","123198",NA,NA,NA
"537","123202","2018","1","High"
"538","123202","2018","3","Good"
"539","123202",NA,NA,NA
"540","123203","2018","1","High"
"541","123203","2018","3","Good"
"542","123203",NA,NA,NA
"543","123205","2018","1","Good"
"544","123205","2018","3","High"
"545","123205",NA,NA,NA
"546","123214","2018","1","Good"
"547","123214","2018","3","Good"
"548","123214",NA,NA,NA
"549","124876","2017","1","Moderate"
"550","124876","2017","3","Good"
"551","124876","2019","1","Moderate"
"552","124876","2019","3","Good"
"553","124876","2022","1","Good"
"554","124876","2022","3","Moderate"
"555","124876",NA,NA,NA
"556","127100","2017","1","Moderate"
"557","127100","2017","3","High"
"558","127100","2019","1","Moderate"
"559","127100","2019","3","High"
"560","127100","2022","2","Poor"
"561","127100","2022","3","Poor"
"562","127100","2022","4","Poor"
"563","127100","2022","1","Poor"
"564","127100","2022","3","High"
"565","127100",NA,NA,NA
"566","129912","2017","1","High"
"567","129912","2017","3","High"
"568","129912","2018","1","High"
"569","129912","2018","3","High"
"570","129912","2019","1","High"
"571","129912","2019","3","High"
"572","129912",NA,NA,NA
"573","129916","2018","1","Good"
"574","129916","2018","3","Moderate"
"575","129916","2022","4","Moderate"
"576","129916","2022","2","Moderate"
"577","129916","2022","3","Moderate"
"578","129916","2022","1","Moderate"
"579","129916","2022","3","Moderate"
"580","129916",NA,NA,NA
"581","134152","2018","1","High"
"582","134152","2018","3","Good"
"583","134152","2022","1","Moderate"
"584","134152","2022","2","Moderate"
"585","134152","2022","3","Moderate"
"586","134152","2022","4","Moderate"
"587","134152","2022","3","Good"
"588","134152",NA,NA,NA
"589","134297","2022","4","Moderate"
"590","134297","2022","2","Moderate"
"591","134297","2022","1","Moderate"
"592","134297","2022","3","Moderate"
"593","134297",NA,NA,NA
"594","134376","2017","1","Moderate"
"595","134376","2017","3","Poor"
"596","134376","2019","1","Good"
"597","134376","2019","3","Moderate"
"598","134376",NA,NA,NA
"599","134479","2022","4","High"
"600","134479","2022","1","High"
"601","134479","2022","3","High"
"602","134479","2022","2","High"
"603","134479","2022","3","Moderate"
"604","134479",NA,NA,NA
"605","134604","2018","1","Good"
"606","134604","2018","3","Moderate"
"607","134604",NA,NA,NA
"608","134709","2018","1","Good"
"609","134709","2018","2","High"
"610","134709","2018","3","Moderate"
"611","134709","2022","1","Good"
"612","134709","2022","3","Moderate"
"613","134709",NA,NA,NA
"614","134727","2022","1","Good"
"615","134727","2022","3","Moderate"
"616","134727",NA,NA,NA
"617","134757","2017","1","Moderate"
"618","134757","2017","3","Moderate"
"619","134757","2019","1","Poor"
"620","134757","2019","3","Poor"
"621","134757","2022","4","Good"
"622","134757","2022","2","Good"
"623","134757","2022","1","Good"
"624","134757","2022","3","Good"
"625","134757","2022","3","Poor"
"626","134757",NA,NA,NA
"627","135238","2017","1","High"
"628","135238","2017","2","Moderate"
"629","135238","2017","3","Poor"
"630","135238",NA,NA,NA
"631","135386","2018","1","Good"
"632","135386","2018","3","Good"
"633","135386",NA,NA,NA
"634","1389","2018","1","High"
"635","1389","2018","3","Good"
"636","1389","2021","2","Moderate"
"637","1389","2021","3","Moderate"
"638","1389",NA,NA,NA
"639","14028","2017","1","High"
"640","14028","2017","3","Moderate"
"641","14028","2018","1","Moderate"
"642","14028","2018","3","Good"
"643","14028","2019","1","Good"
"644","14028","2019","3","Good"
"645","14028",NA,NA,NA
"646","14265","2018","1","High"
"647","14265","2018","3","Good"
"648","14265","2022","1","Moderate"
"649","14265","2022","3","Moderate"
"650","14265",NA,NA,NA
"651","14291","2017","1","Good"
"652","14291","2017","3","Moderate"
"653","14291","2019","1","Moderate"
"654","14291","2019","3","Moderate"
"655","14291","2022","1","Good"
"656","14291","2022","3","Good"
"657","14291",NA,NA,NA
"658","14294","2022","1","High"
"659","14294","2022","3","Good"
"660","14294",NA,NA,NA
"661","1470","2017","1","Good"
"662","1470","2017","3","Moderate"
"663","1470","2019","1","Moderate"
"664","1470","2019","3","Moderate"
"665","1470","2022","3","Moderate"
"666","1470","2022","1","Moderate"
"667","1470","2022","4","Moderate"
"668","1470","2022","3","Moderate"
"669","1470",NA,NA,NA
"670","1488","2022","1","High"
"671","1488","2022","3","Poor"
"672","1488",NA,NA,NA
"673","1499","2022","1","High"
"674","1499","2022","3","Good"
"675","1499",NA,NA,NA
"676","1508","2017","1","High"
"677","1508","2017","3","Moderate"
"678","1508","2019","1","Moderate"
"679","1508","2019","3","Moderate"
"680","1508",NA,NA,NA
"681","1515","2018","1","High"
"682","1515","2018","3","Good"
"683","1515","2019","1","Good"
"684","1515","2019","3","Good"
"685","1515","2022","1","High"
"686","1515","2022","3","Moderate"
"687","1515",NA,NA,NA
"688","1517","2017","1","High"
"689","1517","2017","3","Good"
"690","1517","2019","1","High"
"691","1517","2019","3","Good"
"692","1517",NA,NA,NA
"693","1540","2018","1","Moderate"
"694","1540","2018","3","Moderate"
"695","1540",NA,NA,NA
"696","1574","2017","1","Good"
"697","1574","2017","3","Good"
"698","1574","2019","1","Good"
"699","1574","2019","3","Good"
"700","1574",NA,NA,NA
"701","1582","2022","1","Good"
"702","1582","2022","3","Good"
"703","1582",NA,NA,NA
"704","1592","2017","1","Moderate"
"705","1592","2017","3","Moderate"
"706","1592","2022","1","Moderate"
"707","1592","2022","3","Moderate"
"708","1592",NA,NA,NA
"709","1604","2018","1","Moderate"
"710","1604","2018","3","Good"
"711","1604","2022","1","Moderate"
"712","1604","2022","3","Poor"
"713","1604",NA,NA,NA
"714","1615","2017","1","Moderate"
"715","1615","2017","3","Moderate"
"716","1615","2019","1","Moderate"
"717","1615","2019","3","Good"
"718","1615","2022","2","Good"
"719","1615","2022","4","Good"
"720","1615","2022","1","Good"
"721","1615","2022","3","Moderate"
"722","1615",NA,NA,NA
"723","1626","2017","1","Good"
"724","1626","2017","3","Moderate"
"725","1626","2018","1","Moderate"
"726","1626","2018","3","Moderate"
"727","1626",NA,NA,NA
"728","1635","2017","1","High"
"729","1635","2017","3","Poor"
"730","1635","2018","1","Moderate"
"731","1635","2018","3","Moderate"
"732","1635",NA,NA,NA
"733","16565","2017","1","Good"
"734","16565","2017","3","Good"
"735","16565","2019","1","High"
"736","16565","2019","3","Moderate"
"737","16565",NA,NA,NA
"738","17012","2017","1","Good"
"739","17012","2017","3","Moderate"
"740","17012","2019","1","Moderate"
"741","17012","2019","3","Good"
"742","17012",NA,NA,NA
"743","200211","2017","1","High"
"744","200211","2017","3","Good"
"745","200211","2019","1","High"
"746","200211","2019","3","High"
"747","200211","2021","1","High"
"748","200211","2021","3","Good"
"749","200211",NA,NA,NA
"750","200306","2022","1","Good"
"751","200306","2022","3","High"
"752","200306",NA,NA,NA
"753","203456","2018","1","High"
"754","203456","2018","3","Good"
"755","203456",NA,NA,NA
"756","203878","2018","1","Good"
"757","203878","2018","3","Poor"
"758","203878",NA,NA,NA
"759","204343","2018","1","Moderate"
"760","204343","2018","3","Moderate"
"761","204343","2021","1","Poor"
"762","204343","2021","3","Moderate"
"763","204343","2022","1","Good"
"764","204343","2022","3","Moderate"
"765","204343",NA,NA,NA
"766","205367","2017","1","Moderate"
"767","205367","2017","3","Moderate"
"768","205367","2019","1","Good"
"769","205367","2019","3","High"
"770","205367",NA,NA,NA
"771","206718","2017","1","High"
"772","206718","2017","3","High"
"773","206718","2019","1","High"
"774","206718","2019","3","High"
"775","206718",NA,NA,NA
"776","206719","2018","1","High"
"777","206719","2018","3","High"
"778","206719","2022","1","High"
"779","206719","2022","3","Good"
"780","206719",NA,NA,NA
"781","206728","2018","1","Good"
"782","206728","2018","3","Good"
"783","206728",NA,NA,NA
"784","206732","2017","1","Good"
"785","206732","2017","3","Good"
"786","206732","2019","1","Good"
"787","206732","2019","3","Good"
"788","206732","2022","1","Good"
"789","206732","2022","3","Good"
"790","206732",NA,NA,NA
"791","206750","2018","1","High"
"792","206750","2018","3","High"
"793","206750","2022","1","Good"
"794","206750","2022","3","High"
"795","206750",NA,NA,NA
"796","206751","2017","1","High"
"797","206751","2017","3","High"
"798","206751","2019","1","High"
"799","206751","2019","3","High"
"800","206751",NA,NA,NA
"801","206752","2017","1","High"
"802","206752","2017","3","High"
"803","206752","2019","1","Good"
"804","206752","2019","3","Good"
"805","206752",NA,NA,NA
"806","206763","2018","1","Good"
"807","206763","2018","3","High"
"808","206763",NA,NA,NA
"809","206765","2017","1","High"
"810","206765","2017","3","High"
"811","206765","2019","1","Good"
"812","206765","2019","3","High"
"813","206765",NA,NA,NA
"814","206770","2018","1","High"
"815","206770","2018","3","High"
"816","206770","2022","1","High"
"817","206770","2022","3","High"
"818","206770",NA,NA,NA
"819","206773","2017","1","High"
"820","206773","2017","3","High"
"821","206773","2019","1","High"
"822","206773","2019","3","High"
"823","206773","2021","1","High"
"824","206773","2021","3","High"
"825","206773",NA,NA,NA
"826","206774","2018","1","High"
"827","206774","2018","3","High"
"828","206774",NA,NA,NA
"829","206778","2018","1","High"
"830","206778","2018","3","High"
"831","206778","2021","1","High"
"832","206778","2021","3","Good"
"833","206778",NA,NA,NA
"834","206792","2017","1","Good"
"835","206792","2017","3","Good"
"836","206792","2018","1","Good"
"837","206792","2018","3","Good"
"838","206792","2019","1","Good"
"839","206792","2019","3","Good"
"840","206792",NA,NA,NA
"841","206801","2018","1","High"
"842","206801","2018","3","Good"
"843","206801","2022","1","High"
"844","206801","2022","3","High"
"845","206801",NA,NA,NA
"846","206807","2017","1","High"
"847","206807","2017","3","High"
"848","206807","2019","1","High"
"849","206807","2019","3","High"
"850","206807","2021","1","High"
"851","206807","2021","3","High"
"852","206807",NA,NA,NA
"853","206809","2018","1","High"
"854","206809","2018","3","High"
"855","206809","2022","1","High"
"856","206809","2022","3","High"
"857","206809",NA,NA,NA
"858","206811","2017","1","High"
"859","206811","2017","3","High"
"860","206811","2019","1","Good"
"861","206811","2019","3","High"
"862","206811",NA,NA,NA
"863","206814","2018","1","High"
"864","206814","2018","3","High"
"865","206814",NA,NA,NA
"866","206815","2017","1","High"
"867","206815","2017","3","High"
"868","206815","2019","1","Good"
"869","206815","2019","3","Good"
"870","206815",NA,NA,NA
"871","206827","2017","1","High"
"872","206827","2017","3","Good"
"873","206827","2019","1","High"
"874","206827","2019","3","High"
"875","206827","2022","1","High"
"876","206827","2022","3","Good"
"877","206827",NA,NA,NA
"878","206837","2018","1","High"
"879","206837","2018","3","High"
"880","206837","2019","1","High"
"881","206837","2019","3","High"
"882","206837","2021","1","High"
"883","206837","2021","3","High"
"884","206837",NA,NA,NA
"885","206845","2017","1","High"
"886","206845","2017","3","High"
"887","206845","2019","1","Good"
"888","206845","2019","3","Good"
"889","206845","2021","1","High"
"890","206845","2021","3","High"
"891","206845",NA,NA,NA
"892","206868","2018","1","Good"
"893","206868","2018","3","Good"
"894","206868","2022","1","Good"
"895","206868","2022","3","Good"
"896","206868",NA,NA,NA
"897","206880","2018","1","High"
"898","206880","2018","3","Good"
"899","206880","2021","1","Good"
"900","206880","2021","3","Good"
"901","206880",NA,NA,NA
"902","206882","2018","1","Good"
"903","206882","2018","3","High"
"904","206882","2022","1","High"
"905","206882","2022","3","Good"
"906","206882",NA,NA,NA
"907","206886","2018","1","High"
"908","206886","2018","3","Good"
"909","206886","2022","1","Good"
"910","206886","2022","3","High"
"911","206886",NA,NA,NA
"912","206888","2018","1","High"
"913","206888","2018","3","High"
"914","206888",NA,NA,NA
"915","206889","2018","1","High"
"916","206889","2018","3","High"
"917","206889",NA,NA,NA
"918","206898","2017","1","High"
"919","206898","2017","3","High"
"920","206898","2019","1","Good"
"921","206898","2019","3","High"
"922","206898",NA,NA,NA
"923","206910","2018","1","High"
"924","206910","2018","3","High"
"925","206910","2021","1","Good"
"926","206910","2021","3","Good"
"927","206910",NA,NA,NA
"928","206911","2017","1","High"
"929","206911","2017","3","High"
"930","206911","2019","1","High"
"931","206911","2019","3","High"
"932","206911","2021","1","Good"
"933","206911","2021","3","Moderate"
"934","206911",NA,NA,NA
"935","206919","2018","1","High"
"936","206919","2018","3","High"
"937","206919","2022","1","Good"
"938","206919","2022","3","High"
"939","206919",NA,NA,NA
"940","206930","2017","1","High"
"941","206930","2017","3","High"
"942","206930","2019","1","Good"
"943","206930","2019","3","Good"
"944","206930","2021","1","High"
"945","206930","2021","3","Good"
"946","206930",NA,NA,NA
"947","206954","2017","1","High"
"948","206954","2017","3","High"
"949","206954","2019","1","High"
"950","206954","2019","3","High"
"951","206954","2022","1","High"
"952","206954","2022","3","High"
"953","206954",NA,NA,NA
"954","206993","2017","1","Good"
"955","206993","2017","3","Good"
"956","206993","2018","1","Good"
"957","206993","2018","3","High"
"958","206993","2019","1","Good"
"959","206993","2019","3","High"
"960","206993",NA,NA,NA
"961","206997","2018","1","High"
"962","206997","2018","3","High"
"963","206997","2022","1","High"
"964","206997","2022","3","High"
"965","206997",NA,NA,NA
"966","206998","2018","1","High"
"967","206998","2018","3","High"
"968","206998","2022","1","High"
"969","206998","2022","3","High"
"970","206998",NA,NA,NA
"971","207010","2017","1","Good"
"972","207010","2017","3","Moderate"
"973","207010","2018","1","High"
"974","207010","2018","3","High"
"975","207010","2022","2","Good"
"976","207010","2022","3","Good"
"977","207010","2022","1","Good"
"978","207010","2022","3","High"
"979","207010",NA,NA,NA
"980","207015","2017","1","High"
"981","207015","2017","3","High"
"982","207015","2019","1","High"
"983","207015","2019","3","High"
"984","207015","2021","1","High"
"985","207015","2021","3","High"
"986","207015",NA,NA,NA
"987","207019","2017","1","High"
"988","207019","2017","3","High"
"989","207019","2019","1","High"
"990","207019","2019","3","High"
"991","207019","2022","1","High"
"992","207019","2022","3","High"
"993","207019",NA,NA,NA
"994","207021","2021","1","High"
"995","207021","2021","3","High"
"996","207021",NA,NA,NA
"997","207030","2018","1","Good"
"998","207030","2018","3","Good"
"999","207030","2019","1","Good"
"1000","207030","2019","3","High"
"1001","207030","2021","1","Good"
"1002","207030","2021","3","Good"
"1003","207030",NA,NA,NA
"1004","207055","2018","1","Good"
"1005","207055","2018","3","High"
"1006","207055","2021","2","High"
"1007","207055","2021","3","Good"
"1008","207055",NA,NA,NA
"1009","207056","2018","1","High"
"1010","207056","2018","3","High"
"1011","207056","2021","1","High"
"1012","207056","2021","3","High"
"1013","207056",NA,NA,NA
"1014","207076","2018","1","High"
"1015","207076","2018","3","Moderate"
"1016","207076",NA,NA,NA
"1017","207078","2018","1","Good"
"1018","207078","2018","3","High"
"1019","207078","2022","3","High"
"1020","207078","2022","1","High"
"1021","207078","2022","3","High"
"1022","207078",NA,NA,NA
"1023","207081","2017","1","High"
"1024","207081","2017","3","High"
"1025","207081",NA,NA,NA
"1026","207088","2022","4","High"
"1027","207088","2022","1","High"
"1028","207088","2022","3","Moderate"
"1029","207088",NA,NA,NA
"1030","207090","2017","1","Moderate"
"1031","207090","2017","3","Poor"
"1032","207090",NA,NA,NA
"1033","207095","2017","1","Moderate"
"1034","207095","2017","3","Good"
"1035","207095","2019","1","Good"
"1036","207095","2019","3","Moderate"
"1037","207095",NA,NA,NA
"1038","207106","2017","1","Moderate"
"1039","207106","2017","3","Good"
"1040","207106",NA,NA,NA
"1041","207108","2017","1","High"
"1042","207108","2017","3","High"
"1043","207108","2019","1","High"
"1044","207108","2019","3","High"
"1045","207108","2021","1","Good"
"1046","207108","2021","1","High"
"1047","207108","2021","3","High"
"1048","207108",NA,NA,NA
"1049","207117","2018","1","Good"
"1050","207117","2018","3","Moderate"
"1051","207117","2021","1","Moderate"
"1052","207117","2021","3","Bad"
"1053","207117",NA,NA,NA
"1054","207118","2017","1","Good"
"1055","207118","2017","3","High"
"1056","207118","2019","1","High"
"1057","207118","2019","3","Good"
"1058","207118","2021","1","Good"
"1059","207118","2021","3","Good"
"1060","207118",NA,NA,NA
"1061","207120","2017","1","Good"
"1062","207120","2017","3","Good"
"1063","207120","2019","1","High"
"1064","207120","2019","3","Moderate"
"1065","207120","2021","1","Good"
"1066","207120","2021","1","Moderate"
"1067","207120","2021","3","Moderate"
"1068","207120",NA,NA,NA
"1069","207127","2017","1","Good"
"1070","207127","2017","3","Good"
"1071","207127","2019","1","Good"
"1072","207127","2019","1","High"
"1073","207127","2019","3","High"
"1074","207127","2021","1","Good"
"1075","207127","2021","3","Moderate"
"1076","207127",NA,NA,NA
"1077","207129","2018","1","High"
"1078","207129","2018","3","Good"
"1079","207129","2021","2","High"
"1080","207129","2021","3","Good"
"1081","207129",NA,NA,NA
"1082","207131","2017","1","High"
"1083","207131","2017","3","High"
"1084","207131","2019","1","High"
"1085","207131","2019","1","High"
"1086","207131","2019","3","High"
"1087","207131","2022","1","High"
"1088","207131","2022","3","High"
"1089","207131",NA,NA,NA
"1090","207132","2017","1","Good"
"1091","207132","2017","3","High"
"1092","207132","2019","1","Good"
"1093","207132","2019","3","High"
"1094","207132","2021","1","High"
"1095","207132","2021","3","High"
"1096","207132",NA,NA,NA
"1097","207141","2018","1","High"
"1098","207141","2018","3","Good"
"1099","207141","2022","1","Good"
"1100","207141","2022","3","Good"
"1101","207141",NA,NA,NA
"1102","207143","2017","1","Good"
"1103","207143","2017","3","High"
"1104","207143","2019","1","High"
"1105","207143","2019","3","High"
"1106","207143",NA,NA,NA
"1107","207146","2018","1","Moderate"
"1108","207146","2018","3","Moderate"
"1109","207146","2022","1","Moderate"
"1110","207146","2022","4","Moderate"
"1111","207146","2022","2","Moderate"
"1112","207146","2022","3","Moderate"
"1113","207146",NA,NA,NA
"1114","207147","2018","1","High"
"1115","207147","2018","3","Moderate"
"1116","207147","2022","1","Moderate"
"1117","207147","2022","3","Good"
"1118","207147",NA,NA,NA
"1119","207150","2017","1","Moderate"
"1120","207150","2017","3","Moderate"
"1121","207150","2019","1","Moderate"
"1122","207150","2019","3","Moderate"
"1123","207150","2022","2","Moderate"
"1124","207150","2022","1","Moderate"
"1125","207150","2022","4","Moderate"
"1126","207150","2022","3","Moderate"
"1127","207150","2022","3","Poor"
"1128","207150",NA,NA,NA
"1129","207152","2017","1","Good"
"1130","207152","2017","2","Good"
"1131","207152","2017","3","Good"
"1132","207152","2018","1","Moderate"
"1133","207152","2018","2","Moderate"
"1134","207152","2018","3","Good"
"1135","207152","2022","1","Moderate"
"1136","207152","2022","3","Good"
"1137","207152",NA,NA,NA
"1138","207157","2019","1","Moderate"
"1139","207157","2019","3","Moderate"
"1140","207157","2021","1","Moderate"
"1141","207157","2021","3","Poor"
"1142","207157","2022","1","Moderate"
"1143","207157","2022","2","Moderate"
"1144","207157","2022","3","Moderate"
"1145","207157",NA,NA,NA
"1146","207158","2019","1","Good"
"1147","207158","2019","3","Moderate"
"1148","207158","2021","1","Moderate"
"1149","207158","2021","1","Moderate"
"1150","207158","2021","3","Moderate"
"1151","207158","2022","4","Good"
"1152","207158","2022","2","Good"
"1153","207158","2022","1","Good"
"1154","207158","2022","3","Poor"
"1155","207158",NA,NA,NA
"1156","207159","2017","1","Moderate"
"1157","207159","2017","3","Moderate"
"1158","207159","2019","1","Good"
"1159","207159","2019","3","Good"
"1160","207159","2022","4","Good"
"1161","207159","2022","1","Good"
"1162","207159","2022","3","Good"
"1163","207159",NA,NA,NA
"1164","207162","2018","1","Moderate"
"1165","207162","2018","3","Moderate"
"1166","207162","2022","1","Moderate"
"1167","207162","2022","3","Moderate"
"1168","207162",NA,NA,NA
"1169","207170","2017","1","Good"
"1170","207170","2017","3","Moderate"
"1171","207170","2022","2","Moderate"
"1172","207170","2022","3","Moderate"
"1173","207170","2022","4","Moderate"
"1174","207170","2022","1","Moderate"
"1175","207170","2022","3","Moderate"
"1176","207170",NA,NA,NA
"1177","207189","2017","1","Good"
"1178","207189","2017","3","Good"
"1179","207189","2021","1","High"
"1180","207189","2021","3","Good"
"1181","207189",NA,NA,NA
"1182","207194","2021","2","High"
"1183","207194","2021","3","High"
"1184","207194",NA,NA,NA
"1185","207195","2017","1","High"
"1186","207195","2017","3","High"
"1187","207195","2021","1","Good"
"1188","207195","2021","3","Good"
"1189","207195",NA,NA,NA
"1190","207201","2017","1","Good"
"1191","207201","2017","3","Bad"
"1192","207201","2019","1","Good"
"1193","207201","2019","3","Poor"
"1194","207201","2022","4","Good"
"1195","207201","2022","1","Good"
"1196","207201","2022","3","Moderate"
"1197","207201",NA,NA,NA
"1198","207211","2017","1","Moderate"
"1199","207211","2017","3","Moderate"
"1200","207211","2019","1","High"
"1201","207211","2019","3","Moderate"
"1202","207211","2022","1","Good"
"1203","207211","2022","3","Moderate"
"1204","207211",NA,NA,NA
"1205","207222","2017","1","Moderate"
"1206","207222","2017","3","Good"
"1207","207222","2019","1","Poor"
"1208","207222","2019","3","Good"
"1209","207222","2022","2","Moderate"
"1210","207222","2022","4","Moderate"
"1211","207222","2022","1","Moderate"
"1212","207222","2022","3","Moderate"
"1213","207222",NA,NA,NA
"1214","207227","2017","1","High"
"1215","207227","2017","3","Moderate"
"1216","207227","2019","1","Good"
"1217","207227","2019","3","Moderate"
"1218","207227",NA,NA,NA
"1219","207231","2019","1","Moderate"
"1220","207231","2019","1","Moderate"
"1221","207231","2019","3","Moderate"
"1222","207231","2021","1","Moderate"
"1223","207231","2021","3","Poor"
"1224","207231","2022","1","Good"
"1225","207231","2022","3","Moderate"
"1226","207231",NA,NA,NA
"1227","207236","2017","1","Moderate"
"1228","207236","2017","3","Good"
"1229","207236","2019","1","Moderate"
"1230","207236","2019","1","Moderate"
"1231","207236","2019","3","Moderate"
"1232","207236","2022","4","Moderate"
"1233","207236","2022","1","Moderate"
"1234","207236","2022","3","Moderate"
"1235","207236",NA,NA,NA
"1236","207237","2017","1","Moderate"
"1237","207237","2017","3","Moderate"
"1238","207237",NA,NA,NA
"1239","207241","2017","1","Moderate"
"1240","207241","2017","3","Moderate"
"1241","207241","2018","1","Moderate"
"1242","207241","2018","3","Good"
"1243","207241",NA,NA,NA
"1244","207246","2017","1","High"
"1245","207246","2017","3","Good"
"1246","207246",NA,NA,NA
"1247","207256","2017","1","Moderate"
"1248","207256","2017","3","Moderate"
"1249","207256",NA,NA,NA
"1250","207269","2018","1","Moderate"
"1251","207269","2018","3","Moderate"
"1252","207269","2019","1","Good"
"1253","207269","2019","3","Moderate"
"1254","207269","2022","1","Good"
"1255","207269","2022","3","Moderate"
"1256","207269",NA,NA,NA
"1257","207274","2017","1","Good"
"1258","207274","2017","3","Good"
"1259","207274","2018","1","High"
"1260","207274","2018","3","Moderate"
"1261","207274","2021","2","Good"
"1262","207274","2021","1","Poor"
"1263","207274","2021","3","Poor"
"1264","207274",NA,NA,NA
"1265","207275","2018","1","Moderate"
"1266","207275","2018","3","Moderate"
"1267","207275","2022","1","Moderate"
"1268","207275","2022","3","Poor"
"1269","207275",NA,NA,NA
"1270","207277","2017","1","Moderate"
"1271","207277","2017","3","Good"
"1272","207277","2018","1","Moderate"
"1273","207277","2018","3","Moderate"
"1274","207277","2022","1","Moderate"
"1275","207277","2022","3","High"
"1276","207277",NA,NA,NA
"1277","207281","2018","1","High"
"1278","207281","2018","3","High"
"1279","207281","2022","1","High"
"1280","207281","2022","3","High"
"1281","207281",NA,NA,NA
"1282","207289","2018","1","High"
"1283","207289","2018","3","High"
"1284","207289",NA,NA,NA
"1285","207298","2017","1","High"
"1286","207298","2017","3","High"
"1287","207298","2019","1","High"
"1288","207298","2019","3","High"
"1289","207298",NA,NA,NA
"1290","207301","2017","1","High"
"1291","207301","2017","3","High"
"1292","207301","2019","1","High"
"1293","207301","2019","3","Good"
"1294","207301","2022","1","High"
"1295","207301","2022","3","High"
"1296","207301",NA,NA,NA
"1297","207309","2017","1","Poor"
"1298","207309","2017","3","High"
"1299","207309","2019","1","Good"
"1300","207309","2019","1","High"
"1301","207309","2019","3","High"
"1302","207309","2021","1","Good"
"1303","207309","2021","3","High"
"1304","207309",NA,NA,NA
"1305","207347","2021","2","High"
"1306","207347","2021","3","Good"
"1307","207347",NA,NA,NA
"1308","207420","2018","1","Good"
"1309","207420","2018","3","Good"
"1310","207420",NA,NA,NA
"1311","207432","2017","1","Good"
"1312","207432","2017","3","Good"
"1313","207432","2021","2","Good"
"1314","207432","2021","3","Good"
"1315","207432",NA,NA,NA
"1316","207443","2017","1","High"
"1317","207443","2017","3","High"
"1318","207443","2019","1","Good"
"1319","207443","2019","3","High"
"1320","207443","2021","1","High"
"1321","207443","2021","3","High"
"1322","207443",NA,NA,NA
"1323","207458","2017","1","Moderate"
"1324","207458","2017","3","Moderate"
"1325","207458","2019","1","Good"
"1326","207458","2019","3","Good"
"1327","207458",NA,NA,NA
"1328","207484","2017","1","High"
"1329","207484","2017","3","High"
"1330","207484","2019","1","Good"
"1331","207484","2019","3","High"
"1332","207484",NA,NA,NA
"1333","207605","2017","1","High"
"1334","207605","2017","3","High"
"1335","207605","2019","1","High"
"1336","207605","2019","3","High"
"1337","207605",NA,NA,NA
"1338","207621","2017","1","High"
"1339","207621","2017","3","High"
"1340","207621","2019","1","Good"
"1341","207621","2019","3","Good"
"1342","207621","2022","1","Good"
"1343","207621","2022","3","High"
"1344","207621",NA,NA,NA
"1345","207626","2018","1","High"
"1346","207626","2018","3","Good"
"1347","207626","2022","1","High"
"1348","207626","2022","3","High"
"1349","207626",NA,NA,NA
"1350","207636","2017","1","High"
"1351","207636","2017","3","High"
"1352","207636","2019","1","Good"
"1353","207636","2019","3","High"
"1354","207636","2021","1","High"
"1355","207636","2021","3","High"
"1356","207636",NA,NA,NA
"1357","232722","2018","1","Good"
"1358","232722","2018","3","Good"
"1359","232722","2022","1","Good"
"1360","232722","2022","3","Good"
"1361","232722",NA,NA,NA
"1362","232743","2018","1","High"
"1363","232743","2018","3","Good"
"1364","232743","2022","1","High"
"1365","232743","2022","3","High"
"1366","232743",NA,NA,NA
"1367","232760","2017","1","High"
"1368","232760","2017","3","Good"
"1369","232760","2019","1","Good"
"1370","232760","2019","3","Good"
"1371","232760","2021","1","Good"
"1372","232760","2021","3","High"
"1373","232760",NA,NA,NA
"1374","232868","2018","1","High"
"1375","232868","2018","3","High"
"1376","232868","2022","1","High"
"1377","232868","2022","3","High"
"1378","232868",NA,NA,NA
"1379","232926","2017","1","Moderate"
"1380","232926","2017","3","Moderate"
"1381","232926",NA,NA,NA
"1382","232936","2018","1","Good"
"1383","232936","2018","3","Moderate"
"1384","232936","2022","1","Moderate"
"1385","232936","2022","3","Moderate"
"1386","232936","2022","3","Moderate"
"1387","232936",NA,NA,NA
"1388","232939","2018","1","High"
"1389","232939","2018","3","High"
"1390","232939","2021","1","High"
"1391","232939","2021","3","High"
"1392","232939",NA,NA,NA
"1393","2393","2022","3","Moderate"
"1394","2393","2022","1","Moderate"
"1395","2393","2022","2","Moderate"
"1396","2393",NA,NA,NA
"1397","2831","2022","1","Good"
"1398","2831","2022","2","Good"
"1399","2831",NA,NA,NA
"1400","2991","2018","2","Good"
"1401","2991","2018","3","Good"
"1402","2991","2019","1","Good"
"1403","2991","2019","3","Good"
"1404","2991",NA,NA,NA
"1405","300007","2018","1","High"
"1406","300007","2018","3","High"
"1407","300007",NA,NA,NA
"1408","300008","2017","1","High"
"1409","300008","2017","3","Good"
"1410","300008","2019","1","High"
"1411","300008","2019","3","High"
"1412","300008","2021","1","High"
"1413","300008","2021","3","High"
"1414","300008",NA,NA,NA
"1415","300010","2018","1","High"
"1416","300010","2018","3","Good"
"1417","300010","2021","1","Good"
"1418","300010","2021","3","High"
"1419","300010",NA,NA,NA
"1420","300098","2017","1","Poor"
"1421","300098","2017","3","Moderate"
"1422","300098","2022","1","Poor"
"1423","300098","2022","3","High"
"1424","300098",NA,NA,NA
"1425","300166","2017","1","High"
"1426","300166","2017","3","High"
"1427","300166","2019","1","Moderate"
"1428","300166","2019","3","Moderate"
"1429","300166","2022","1","Good"
"1430","300166","2022","3","Good"
"1431","300166","2022","4","Good"
"1432","300166","2022","3","Moderate"
"1433","300166",NA,NA,NA
"1434","300181","2017","1","Good"
"1435","300181","2017","3","Good"
"1436","300181","2018","1","High"
"1437","300181","2018","3","Poor"
"1438","300181","2021","1","Good"
"1439","300181","2021","3","Bad"
"1440","300181",NA,NA,NA
"1441","300187","2022","2","Good"
"1442","300187","2022","3","Good"
"1443","300187","2022","4","Good"
"1444","300187","2022","1","Good"
"1445","300187","2022","3","Poor"
"1446","300187",NA,NA,NA
"1447","300379","2017","1","High"
"1448","300379","2017","3","High"
"1449","300379","2018","1","High"
"1450","300379","2018","3","Good"
"1451","300379","2019","1","High"
"1452","300379","2019","3","Moderate"
"1453","300379",NA,NA,NA
"1454","301513","2017","1","Good"
"1455","301513","2017","3","Good"
"1456","301513","2019","1","Good"
"1457","301513","2019","3","Moderate"
"1458","301513",NA,NA,NA
"1459","302139","2022","1","Good"
"1460","302139","2022","4","Good"
"1461","302139","2022","3","Good"
"1462","302139",NA,NA,NA
"1463","302505","2022","4","High"
"1464","302505","2022","1","High"
"1465","302505","2022","2","High"
"1466","302505","2022","3","Good"
"1467","302505",NA,NA,NA
"1468","320","2017","1","High"
"1469","320","2017","3","High"
"1470","320",NA,NA,NA
"1471","320337","2018","1","Moderate"
"1472","320337","2018","3","Good"
"1473","320337",NA,NA,NA
"1474","320571","2017","1","Good"
"1475","320571","2017","3","High"
"1476","320571","2019","1","Good"
"1477","320571","2019","3","High"
"1478","320571",NA,NA,NA
"1479","3215","2018","1","Moderate"
"1480","3215","2018","3","Moderate"
"1481","3215",NA,NA,NA
"1482","3226","2017","1","High"
"1483","3226","2017","3","High"
"1484","3226","2019","1","High"
"1485","3226","2019","3","High"
"1486","3226","2022","3","High"
"1487","3226","2022","4","High"
"1488","3226","2022","1","High"
"1489","3226","2022","3","High"
"1490","3226",NA,NA,NA
"1491","3248","2022","1","High"
"1492","3248","2022","3","High"
"1493","3248",NA,NA,NA
"1494","3250","2017","1","High"
"1495","3250","2017","3","Good"
"1496","3250","2019","1","High"
"1497","3250","2019","3","Good"
"1498","3250",NA,NA,NA
"1499","3263","2019","1","High"
"1500","3263","2019","3","Good"
"1501","3263","2021","1","Good"
"1502","3263","2021","3","Poor"
"1503","3263","2022","1","High"
"1504","3263","2022","3","High"
"1505","3263",NA,NA,NA
"1506","327611","2017","1","High"
"1507","327611","2017","3","High"
"1508","327611","2019","1","High"
"1509","327611","2019","3","High"
"1510","327611",NA,NA,NA
"1511","3307","2022","4","High"
"1512","3307","2022","1","High"
"1513","3307","2022","2","Moderate"
"1514","3307","2022","3","Moderate"
"1515","3307",NA,NA,NA
"1516","3318","2017","1","High"
"1517","3318","2017","3","Moderate"
"1518","3318","2019","1","Moderate"
"1519","3318","2019","3","Poor"
"1520","3318",NA,NA,NA
"1521","338805","2017","1","Good"
"1522","338805","2017","3","Good"
"1523","338805","2021","1","Good"
"1524","338805","2021","1","Good"
"1525","338805","2021","3","Good"
"1526","338805",NA,NA,NA
"1527","3395","2017","1","Moderate"
"1528","3395","2017","3","Moderate"
"1529","3395",NA,NA,NA
"1530","3415","2018","1","High"
"1531","3415","2018","3","High"
"1532","3415",NA,NA,NA
"1533","3418","2017","2","High"
"1534","3418","2017","3","High"
"1535","3418","2018","1","Good"
"1536","3418","2018","2","High"
"1537","3418","2018","3","Moderate"
"1538","3418","2022","1","Good"
"1539","3418","2022","4","Good"
"1540","3418","2022","2","Good"
"1541","3418","2022","3","Poor"
"1542","3418",NA,NA,NA
"1543","3453","2017","1","High"
"1544","3453","2017","3","High"
"1545","3453","2019","1","High"
"1546","3453","2019","3","High"
"1547","3453","2021","1","High"
"1548","3453","2021","3","Good"
"1549","3453",NA,NA,NA
"1550","345954","2018","1","High"
"1551","345954","2018","3","High"
"1552","345954","2021","1","Good"
"1553","345954","2021","3","Moderate"
"1554","345954","2022","1","Good"
"1555","345954","2022","3","Moderate"
"1556","345954",NA,NA,NA
"1557","3490","2017","1","High"
"1558","3490","2017","3","High"
"1559","3490","2019","1","High"
"1560","3490","2019","3","High"
"1561","3490",NA,NA,NA
"1562","350332","2022","1","High"
"1563","350332","2022","3","High"
"1564","350332",NA,NA,NA
"1565","3514","2017","1","High"
"1566","3514","2017","3","Good"
"1567","3514","2019","1","Poor"
"1568","3514","2019","3","Moderate"
"1569","3514","2022","2","Moderate"
"1570","3514","2022","1","Moderate"
"1571","3514","2022","3","Moderate"
"1572","3514","2022","3","Poor"
"1573","3514",NA,NA,NA
"1574","3574","2017","1","High"
"1575","3574","2017","3","Good"
"1576","3574","2019","1","High"
"1577","3574","2019","3","High"
"1578","3574","2022","1","High"
"1579","3574","2022","3","Moderate"
"1580","3574",NA,NA,NA
"1581","3609","2017","1","Good"
"1582","3609","2017","3","High"
"1583","3609","2019","1","Good"
"1584","3609","2019","3","Good"
"1585","3609","2021","1","Good"
"1586","3609","2021","3","Good"
"1587","3609",NA,NA,NA
"1588","3613","2017","1","High"
"1589","3613","2017","3","Good"
"1590","3613","2019","1","Good"
"1591","3613","2019","3","Good"
"1592","3613","2022","1","High"
"1593","3613","2022","3","Good"
"1594","3613",NA,NA,NA
"1595","3703","2017","1","High"
"1596","3703","2017","3","Moderate"
"1597","3703","2019","1","Good"
"1598","3703","2019","3","Moderate"
"1599","3703",NA,NA,NA
"1600","3798","2018","1","Good"
"1601","3798","2018","3","Good"
"1602","3798","2022","3","High"
"1603","3798","2022","4","High"
"1604","3798","2022","1","High"
"1605","3798","2022","3","Moderate"
"1606","3798",NA,NA,NA
"1607","3853","2018","1","Good"
"1608","3853","2018","3","Good"
"1609","3853",NA,NA,NA
"1610","3865","2022","4","Good"
"1611","3865","2022","1","Good"
"1612","3865","2022","2","High"
"1613","3865",NA,NA,NA
"1614","3870","2022","1","High"
"1615","3870","2022","2","Good"
"1616","3870",NA,NA,NA
"1617","3940","2017","1","High"
"1618","3940","2017","3","Good"
"1619","3940","2019","1","High"
"1620","3940","2019","3","Good"
"1621","3940",NA,NA,NA
"1622","3944","2018","1","Moderate"
"1623","3944","2018","3","Moderate"
"1624","3944","2019","1","Moderate"
"1625","3944","2019","3","Moderate"
"1626","3944","2022","1","Moderate"
"1627","3944","2022","4","Moderate"
"1628","3944","2022","3","Poor"
"1629","3944",NA,NA,NA
"1630","398593","2017","1","Good"
"1631","398593","2017","3","Moderate"
"1632","398593",NA,NA,NA
"1633","4019","2018","1","Good"
"1634","4019","2018","3","Good"
"1635","4019","2022","3","Good"
"1636","4019","2022","1","Good"
"1637","4019","2022","3","Moderate"
"1638","4019",NA,NA,NA
"1639","4170","2018","1","Good"
"1640","4170","2018","3","Moderate"
"1641","4170","2019","1","Good"
"1642","4170","2019","3","Moderate"
"1643","4170","2021","2","Good"
"1644","4170","2021","3","Moderate"
"1645","4170",NA,NA,NA
"1646","4180","2021","2","High"
"1647","4180","2021","3","Good"
"1648","4180",NA,NA,NA
"1649","4244","2018","1","High"
"1650","4244","2018","3","High"
"1651","4244","2022","1","Good"
"1652","4244","2022","2","Good"
"1653","4244","2022","4","Good"
"1654","4244","2022","3","Poor"
"1655","4244",NA,NA,NA
"1656","428469","2017","1","High"
"1657","428469","2017","3","High"
"1658","428469","2018","1","High"
"1659","428469","2018","3","Good"
"1660","428469",NA,NA,NA
"1661","4359","2017","1","High"
"1662","4359","2017","3","High"
"1663","4359","2019","1","Good"
"1664","4359","2019","3","Good"
"1665","4359",NA,NA,NA
"1666","4367","2018","1","Moderate"
"1667","4367","2018","3","Moderate"
"1668","4367",NA,NA,NA
"1669","4401","2022","1","Good"
"1670","4401","2022","3","Moderate"
"1671","4401",NA,NA,NA
"1672","4411","2017","1","Poor"
"1673","4411","2017","3","Moderate"
"1674","4411","2019","1","Moderate"
"1675","4411","2019","3","Bad"
"1676","4411",NA,NA,NA
"1677","4429","2018","1","Moderate"
"1678","4429","2018","3","Moderate"
"1679","4429","2022","1","Moderate"
"1680","4429","2022","3","Moderate"
"1681","4429",NA,NA,NA
"1682","4471","2017","1","Moderate"
"1683","4471","2017","3","Moderate"
"1684","4471","2019","1","Moderate"
"1685","4471","2019","3","Good"
"1686","4471","2022","1","Moderate"
"1687","4471","2022","3","Poor"
"1688","4471",NA,NA,NA
"1689","460473","2022","1","Moderate"
"1690","460473","2022","3","Moderate"
"1691","460473",NA,NA,NA
"1692","4613","2018","1","Good"
"1693","4613","2018","3","Good"
"1694","4613","2022","1","Moderate"
"1695","4613","2022","4","Moderate"
"1696","4613","2022","2","Moderate"
"1697","4613","2022","3","Good"
"1698","4613",NA,NA,NA
"1699","4638","2018","1","Moderate"
"1700","4638","2018","3","Moderate"
"1701","4638","2019","1","Good"
"1702","4638","2019","3","Moderate"
"1703","4638","2021","1","Moderate"
"1704","4638","2021","3","Moderate"
"1705","4638",NA,NA,NA
"1706","4654","2022","2","Good"
"1707","4654","2022","1","Good"
"1708","4654","2022","2","Moderate"
"1709","4654","2022","3","Moderate"
"1710","4654",NA,NA,NA
"1711","467639","2022","1","Good"
"1712","467639","2022","2","Good"
"1713","467639","2022","3","Moderate"
"1714","467639",NA,NA,NA
"1715","487596","2018","1","High"
"1716","487596","2018","2","Good"
"1717","487596","2018","3","Good"
"1718","487596","2022","1","Moderate"
"1719","487596","2022","2","Good"
"1720","487596","2022","3","Good"
"1721","487596",NA,NA,NA
"1722","488482","2021","1","High"
"1723","488482","2021","3","High"
"1724","488482",NA,NA,NA
"1725","499943","2018","1","Moderate"
"1726","499943","2018","3","Moderate"
"1727","499943",NA,NA,NA
"1728","506428","2022","2","High"
"1729","506428","2022","3","High"
"1730","506428","2022","1","High"
"1731","506428","2022","4","High"
"1732","506428","2022","3","High"
"1733","506428",NA,NA,NA
"1734","527943","2018","2","Good"
"1735","527943","2018","1","Moderate"
"1736","527943","2018","3","Good"
"1737","527943","2022","1","High"
"1738","527943","2022","3","Good"
"1739","527943",NA,NA,NA
"1740","528088","2018","1","High"
"1741","528088","2018","3","High"
"1742","528088","2022","1","High"
"1743","528088","2022","3","High"
"1744","528088",NA,NA,NA
"1745","528319","2022","1","High"
"1746","528319","2022","3","High"
"1747","528319",NA,NA,NA
"1748","529","2018","1","Moderate"
"1749","529","2018","3","Good"
"1750","529","2019","1","Good"
"1751","529","2019","3","Moderate"
"1752","529","2022","1","Poor"
"1753","529","2022","3","Bad"
"1754","529",NA,NA,NA
"1755","536475","2017","1","High"
"1756","536475","2017","2","High"
"1757","536475","2017","3","High"
"1758","536475","2018","1","Moderate"
"1759","536475","2018","2","Good"
"1760","536475","2018","3","Good"
"1761","536475","2022","1","High"
"1762","536475","2022","4","High"
"1763","536475","2022","3","High"
"1764","536475","2022","2","High"
"1765","536475","2022","2","Good"
"1766","536475","2022","3","Good"
"1767","536475",NA,NA,NA
"1768","538808","2018","1","High"
"1769","538808","2018","2","Good"
"1770","538808","2018","3","Moderate"
"1771","538808",NA,NA,NA
"1772","545136","2022","2","Moderate"
"1773","545136","2022","3","Poor"
"1774","545136",NA,NA,NA
"1775","545137","2022","1","Good"
"1776","545137","2022","2","Moderate"
"1777","545137","2022","3","Moderate"
"1778","545137",NA,NA,NA
"1779","545152","2022","1","High"
"1780","545152","2022","2","High"
"1781","545152","2022","3","High"
"1782","545152",NA,NA,NA
"1783","545153","2022","1","Moderate"
"1784","545153","2022","2","Moderate"
"1785","545153","2022","3","Moderate"
"1786","545153",NA,NA,NA
"1787","545154","2022","4","Good"
"1788","545154","2022","2","Good"
"1789","545154","2022","3","Good"
"1790","545154",NA,NA,NA
"1791","545156","2022","1","Good"
"1792","545156","2022","3","High"
"1793","545156",NA,NA,NA
"1794","552216","2018","1","Good"
"1795","552216","2018","3","High"
"1796","552216","2022","1","High"
"1797","552216","2022","3","Good"
"1798","552216",NA,NA,NA
"1799","568885","2022","1","High"
"1800","568885","2022","3","High"
"1801","568885",NA,NA,NA
"1802","5839","2017","1","High"
"1803","5839","2017","3","Good"
"1804","5839","2019","1","Good"
"1805","5839","2019","3","Good"
"1806","5839",NA,NA,NA
"1807","5982","2017","1","Good"
"1808","5982","2017","3","High"
"1809","5982","2019","1","High"
"1810","5982","2019","3","Good"
"1811","5982","2022","1","High"
"1812","5982","2022","3","Good"
"1813","5982",NA,NA,NA
"1814","600233","2022","1","High"
"1815","600233","2022","3","High"
"1816","600233",NA,NA,NA
"1817","7641","2018","1","High"
"1818","7641","2018","3","Good"
"1819","7641","2021","1","Good"
"1820","7641","2021","3","Good"
"1821","7641",NA,NA,NA
"1822","7651","2018","1","Good"
"1823","7651","2018","3","High"
"1824","7651","2022","1","Moderate"
"1825","7651","2022","3","High"
"1826","7651",NA,NA,NA
"1827","7672","2018","1","Good"
"1828","7672","2018","3","Good"
"1829","7672","2022","1","Moderate"
"1830","7672","2022","3","Moderate"
"1831","7672",NA,NA,NA
"1832","7698","2017","1","Good"
"1833","7698","2017","3","Good"
"1834","7698","2019","1","High"
"1835","7698","2019","3","Moderate"
"1836","7698",NA,NA,NA
"1837","7742","2017","1","High"
"1838","7742","2017","3","High"
"1839","7742","2018","1","High"
"1840","7742","2018","3","High"
"1841","7742","2022","1","High"
"1842","7742","2022","3","Good"
"1843","7742",NA,NA,NA
"1844","7762","2017","1","High"
"1845","7762","2017","3","High"
"1846","7762","2019","1","High"
"1847","7762","2019","3","High"
"1848","7762","2022","1","Good"
"1849","7762","2022","3","Good"
"1850","7762",NA,NA,NA
"1851","7797","2018","1","High"
"1852","7797","2018","3","Poor"
"1853","7797",NA,NA,NA
"1854","7814","2017","1","Good"
"1855","7814","2017","3","High"
"1856","7814","2019","1","Good"
"1857","7814","2019","3","High"
"1858","7814","2021","1","High"
"1859","7814","2021","3","High"
"1860","7814",NA,NA,NA
"1861","7824","2017","1","Good"
"1862","7824","2017","3","Good"
"1863","7824","2018","1","High"
"1864","7824","2018","3","Moderate"
"1865","7824","2019","1","Good"
"1866","7824","2019","3","Good"
"1867","7824",NA,NA,NA
"1868","7844","2019","1","High"
"1869","7844","2019","3","High"
"1870","7844","2021","1","High"
"1871","7844","2021","3","Good"
"1872","7844","2022","1","High"
"1873","7844","2022","3","Moderate"
"1874","7844",NA,NA,NA
"1875","7849","2017","1","Good"
"1876","7849","2017","3","Moderate"
"1877","7849","2019","1","High"
"1878","7849","2019","3","Good"
"1879","7849",NA,NA,NA
"1880","7856","2018","2","High"
"1881","7856","2018","3","Good"
"1882","7856","2022","1","Moderate"
"1883","7856","2022","2","Good"
"1884","7856","2022","3","Moderate"
"1885","7856",NA,NA,NA
"1886","7865","2018","1","High"
"1887","7865","2018","3","Moderate"
"1888","7865",NA,NA,NA
"1889","7906","2018","1","Moderate"
"1890","7906","2018","3","High"
"1891","7906","2021","1","Moderate"
"1892","7906","2021","3","Good"
"1893","7906","2022","1","Good"
"1894","7906","2022","3","Good"
"1895","7906",NA,NA,NA
"1896","7925","2018","1","Moderate"
"1897","7925","2018","3","Good"
"1898","7925","2022","1","Moderate"
"1899","7925","2022","3","Moderate"
"1900","7925",NA,NA,NA
"1901","7935","2018","1","Moderate"
"1902","7935","2018","3","Good"
"1903","7935","2021","1","Good"
"1904","7935","2021","3","Good"
"1905","7935",NA,NA,NA
"1906","7957","2018","1","Good"
"1907","7957","2018","3","Good"
"1908","7957","2021","1","Moderate"
"1909","7957","2021","3","Moderate"
"1910","7957","2022","1","Moderate"
"1911","7957","2022","3","Moderate"
"1912","7957",NA,NA,NA
"1913","7983","2017","1","Moderate"
"1914","7983","2017","3","Moderate"
"1915","7983","2019","1","High"
"1916","7983","2019","3","Moderate"
"1917","7983","2022","1","Good"
"1918","7983","2022","3","Poor"
"1919","7983",NA,NA,NA
"1920","7989","2017","1","Poor"
"1921","7989","2017","3","Moderate"
"1922","7989","2019","1","High"
"1923","7989","2019","3","Good"
"1924","7989","2022","1","Moderate"
"1925","7989","2022","3","Moderate"
"1926","7989",NA,NA,NA
"1927","7994","2017","1","Moderate"
"1928","7994","2017","3","High"
"1929","7994","2019","1","High"
"1930","7994","2019","3","High"
"1931","7994",NA,NA,NA
"1932","8062","2017","1","Good"
"1933","8062","2017","3","Moderate"
"1934","8062","2022","1","Moderate"
"1935","8062","2022","3","Moderate"
"1936","8062",NA,NA,NA
"1937","8119","2018","1","Moderate"
"1938","8119","2018","3","Good"
"1939","8119",NA,NA,NA
"1940","8130","2019","1","High"
"1941","8130","2019","3","Poor"
"1942","8130","2021","2","Good"
"1943","8130","2021","3","Moderate"
"1944","8130","2022","3","High"
"1945","8130","2022","4","High"
"1946","8130","2022","1","High"
"1947","8130","2022","3","Good"
"1948","8130",NA,NA,NA
"1949","8155","2017","1","Moderate"
"1950","8155","2017","3","Moderate"
"1951","8155","2018","1","Good"
"1952","8155","2018","3","Moderate"
"1953","8155","2019","1","Moderate"
"1954","8155","2019","3","Good"
"1955","8155",NA,NA,NA
"1956","8175","2017","1","High"
"1957","8175","2017","3","High"
"1958","8175","2018","1","Poor"
"1959","8175","2018","3","Good"
"1960","8175","2019","1","Moderate"
"1961","8175","2019","3","Poor"
"1962","8175",NA,NA,NA
"1963","8192","2017","1","Good"
"1964","8192","2017","3","Moderate"
"1965","8192","2019","1","Good"
"1966","8192","2019","3","Moderate"
"1967","8192",NA,NA,NA
"1968","8221","2017","1","Good"
"1969","8221","2017","3","Moderate"
"1970","8221",NA,NA,NA
"1971","8243","2017","1","High"
"1972","8243","2017","3","Moderate"
"1973","8243","2019","1","Moderate"
"1974","8243","2019","3","Good"
"1975","8243","2022","4","Good"
"1976","8243","2022","2","Good"
"1977","8243","2022","1","Good"
"1978","8243","2022","3","Good"
"1979","8243","2022","3","Poor"
"1980","8243",NA,NA,NA
"1981","8277","2017","1","High"
"1982","8277","2017","3","High"
"1983","8277","2019","1","High"
"1984","8277","2019","3","High"
"1985","8277","2021","1","Good"
"1986","8277","2021","3","High"
"1987","8277",NA,NA,NA
"1988","8295","2018","1","Good"
"1989","8295","2018","3","Good"
"1990","8295",NA,NA,NA
"1991","8301","2018","1","High"
"1992","8301","2018","3","Good"
"1993","8301","2022","1","Good"
"1994","8301","2022","3","Good"
"1995","8301",NA,NA,NA
"1996","8310","2018","1","High"
"1997","8310","2018","3","Good"
"1998","8310","2022","1","Good"
"1999","8310","2022","3","Good"
"2000","8310",NA,NA,NA
"2001","8405","2018","1","High"
"2002","8405","2018","3","High"
"2003","8405","2022","1","High"
"2004","8405","2022","1","High"
"2005","8405","2022","3","High"
"2006","8405",NA,NA,NA
"2007","8455","2017","1","Good"
"2008","8455","2017","3","High"
"2009","8455","2019","1","High"
"2010","8455","2019","3","High"
"2011","8455","2021","1","Good"
"2012","8455","2021","3","Good"
"2013","8455",NA,NA,NA
"2014","8465","2018","1","Good"
"2015","8465","2018","3","Good"
"2016","8465","2022","2","Moderate"
"2017","8465","2022","3","Moderate"
"2018","8465",NA,NA,NA
"2019","8480","2018","1","High"
"2020","8480","2018","3","High"
"2021","8480","2022","1","High"
"2022","8480","2022","3","High"
"2023","8480",NA,NA,NA
"2024","8485","2018","1","High"
"2025","8485","2018","3","Good"
"2026","8485","2022","1","Good"
"2027","8485","2022","3","High"
"2028","8485",NA,NA,NA
"2029","8500","2022","1","High"
"2030","8500","2022","3","Good"
"2031","8500",NA,NA,NA
"2032","8540","2017","1","Good"
"2033","8540","2017","3","Moderate"
"2034","8540","2019","1","Good"
"2035","8540","2019","3","Good"
"2036","8540","2021","2","Good"
"2037","8540","2021","3","Moderate"
"2038","8540",NA,NA,NA
"2039","8549","2017","1","High"
"2040","8549","2017","3","Moderate"
"2041","8549","2019","1","Good"
"2042","8549","2019","3","Moderate"
"2043","8549","2022","1","Poor"
"2044","8549","2022","3","Moderate"
"2045","8549",NA,NA,NA
"2046","8651","2018","1","High"
"2047","8651","2018","3","High"
"2048","8651","2022","1","High"
"2049","8651","2022","1","High"
"2050","8651","2022","3","High"
"2051","8651",NA,NA,NA
"2052","8681","2018","1","High"
"2053","8681","2018","3","High"
"2054","8681",NA,NA,NA
"2055","8692","2018","1","Good"
"2056","8692","2018","3","High"
"2057","8692","2022","1","High"
"2058","8692","2022","3","Good"
"2059","8692",NA,NA,NA
"2060","8750","2017","1","High"
"2061","8750","2017","3","High"
"2062","8750","2019","1","Good"
"2063","8750","2019","3","Good"
"2064","8750","2021","1","High"
"2065","8750","2021","3","High"
"2066","8750",NA,NA,NA
"2067","8796","2017","1","High"
"2068","8796","2017","3","High"
"2069","8796","2019","1","Good"
"2070","8796","2019","3","High"
"2071","8796","2021","1","High"
"2072","8796","2021","3","Good"
"2073","8796",NA,NA,NA
"2074","8801","2017","1","High"
"2075","8801","2017","3","High"
"2076","8801","2019","1","High"
"2077","8801","2019","3","High"
"2078","8801","2021","1","Good"
"2079","8801","2021","3","High"
"2080","8801",NA,NA,NA
"2081","8811","2022","1","Good"
"2082","8811","2022","3","Good"
"2083","8811",NA,NA,NA
"2084","8832","2017","1","Poor"
"2085","8832","2017","3","Moderate"
"2086","8832","2019","1","Moderate"
"2087","8832","2019","3","Good"
"2088","8832",NA,NA,NA
"2089","8838","2018","1","Moderate"
"2090","8838","2018","3","Good"
"2091","8838","2022","1","Moderate"
"2092","8838","2022","3","Good"
"2093","8838",NA,NA,NA
"2094","8871","2017","1","High"
"2095","8871","2017","3","Good"
"2096","8871","2019","1","Good"
"2097","8871","2019","3","Good"
"2098","8871","2022","1","Moderate"
"2099","8871","2022","3","Good"
"2100","8871",NA,NA,NA
"2101","8888","2022","1","Moderate"
"2102","8888","2022","3","Moderate"
"2103","8888",NA,NA,NA
"2104","9422","2018","1","Good"
"2105","9422","2018","3","Moderate"
"2106","9422","2019","1","Good"
"2107","9422","2019","3","Moderate"
"2108","9422","2022","1","Good"
"2109","9422","2022","3","Good"
"2110","9422",NA,NA,NA
"2111","9424","2017","1","Moderate"
"2112","9424","2017","3","Moderate"
"2113","9424","2019","1","Good"
"2114","9424","2019","3","Good"
"2115","9424","2022","1","Poor"
"2116","9424","2022","3","Good"
"2117","9424",NA,NA,NA
"2118","9457","2019","1","Good"
"2119","9457","2019","3","High"
"2120","9457","2021","1","Good"
"2121","9457","2021","3","Good"
"2122","9457","2022","1","High"
"2123","9457","2022","3","Moderate"
"2124","9457",NA,NA,NA
"2125","9470","2018","1","High"
"2126","9470","2018","3","Good"
"2127","9470","2022","1","High"
"2128","9470","2022","3","Good"
"2129","9470",NA,NA,NA
"2130","9482","2017","1","High"
"2131","9482","2017","3","High"
"2132","9482","2019","1","Good"
"2133","9482","2019","3","Good"
"2134","9482",NA,NA,NA
"2135","9490","2018","1","Moderate"
"2136","9490","2018","3","Moderate"
"2137","9490",NA,NA,NA
"2138","9514","2018","1","Good"
"2139","9514","2018","3","Good"
"2140","9514","2021","1","High"
"2141","9514","2021","3","Good"
"2142","9514",NA,NA,NA
"2143","9540","2017","1","Good"
"2144","9540","2017","3","High"
"2145","9540","2018","1","High"
"2146","9540","2018","3","Good"
"2147","9540","2021","1","High"
"2148","9540","2021","3","Moderate"
"2149","9540",NA,NA,NA
"2150","9542","2017","1","High"
"2151","9542","2017","3","Good"
"2152","9542","2019","1","Good"
"2153","9542","2019","3","Good"
"2154","9542","2021","1","High"
"2155","9542","2021","3","Moderate"
"2156","9542",NA,NA,NA
"2157","9599","2017","1","Moderate"
"2158","9599","2017","3","Moderate"
"2159","9599","2019","1","High"
"2160","9599","2019","3","Good"
"2161","9599","2022","1","Good"
"2162","9599","2022","3","High"
"2163","9599",NA,NA,NA
"2164","9631","2018","1","High"
"2165","9631","2018","3","Moderate"
"2166","9631","2022","1","High"
"2167","9631","2022","3","High"
"2168","9631",NA,NA,NA
"2169","9650","2018","1","Moderate"
"2170","9650","2018","3","High"
"2171","9650","2021","1","High"
"2172","9650","2021","3","High"
"2173","9650",NA,NA,NA
"2174","9678","2018","1","Moderate"
"2175","9678","2018","3","High"
"2176","9678",NA,NA,NA
"2177","9710","2017","1","High"
"2178","9710","2017","3","Good"
"2179","9710","2019","1","High"
"2180","9710","2019","3","High"
"2181","9710","2021","1","High"
"2182","9710","2021","3","High"
"2183","9710",NA,NA,NA
"2184","9719","2017","1","High"
"2185","9719","2017","3","Good"
"2186","9719","2019","1","Moderate"
"2187","9719","2019","3","High"
"2188","9719","2021","1","High"
"2189","9719","2021","3","High"
"2190","9719",NA,NA,NA
"2191","9743","2017","1","Good"
"2192","9743","2017","3","Good"
"2193","9743","2019","1","Moderate"
"2194","9743","2019","3","Good"
"2195","9743","2021","1","Good"
"2196","9743","2021","3","High"
"2197","9743",NA,NA,NA
"2198","9748","2017","1","High"
"2199","9748","2017","3","Good"
"2200","9748","2019","1","Moderate"
"2201","9748","2019","3","High"
"2202","9748","2021","1","High"
"2203","9748","2021","3","Good"
"2204","9748",NA,NA,NA
"2205","9750","2017","1","High"
"2206","9750","2017","3","High"
"2207","9750","2019","1","Good"
"2208","9750","2019","3","High"
"2209","9750","2021","1","High"
"2210","9750","2021","3","High"
"2211","9750",NA,NA,NA
"2212","9786","2017","1","High"
"2213","9786","2017","3","Good"
"2214","9786","2019","1","Moderate"
"2215","9786","2019","3","Good"
"2216","9786","2021","1","Good"
"2217","9786","2021","3","High"
"2218","9786",NA,NA,NA
"2219","9821","2018","1","High"
"2220","9821","2018","3","High"
"2221","9821","2022","1","High"
"2222","9821","2022","3","High"
"2223","9821",NA,NA,NA
"2224","9847","2017","1","High"
"2225","9847","2017","3","Good"
"2226","9847","2019","1","High"
"2227","9847","2019","3","High"
"2228","9847","2022","1","High"
"2229","9847","2022","3","Moderate"
"2230","9847",NA,NA,NA
